"Year","Total_Sales","Mean_MRP"
1987,1569369.08529392,144.518796812262
1988,211411.53126675,149.455747171852
1996,305282.6536015,139.373901949476
1997,921379.56706193,148.076157886291
1998,347866.3419589,139.999641970633
1999,1058005.12642966,148.566790418922
2003,290279.6048683,149.474459890347
2004,758400.83895024,145.835182450088
2008,1533281.17341137,142.949488272219
2009,4947824.23862157,143.811876360878
